CustomerId,invoiceID,TrackingNumber,carriercode,ShipmentType,Weight,Coverage,Pieces,Specmemo,ShipDate, TotalCharge ,INSURANCE CHARGE
H05798,2205-00015,271175042679,FEDEX,1,1,300,1,FEDEX ,3/23/2022,  10.00 ,10
H05798,2205-00015,271175101605,FEDEX,1,1,5000,1,FEDEX ,3/23/2022,  58.50 ,58.5
H05798,2205-00015,271175231975,FEDEX,1,1,2500,1,FEDEX ,3/23/2022,  29.25 ,29.25
H05798,2205-00015,271175313784,FEDEX,1,1,2900,1,FEDEX ,3/23/2022,  33.93 ,33.93
H05798,2205-00015,271175375874,FEDEX,1,1,1300,1,FEDEX ,3/23/2022,  15.21 ,15.21
H05798,2205-00015,271175441835,FEDEX,1,1,800,1,FEDEX ,3/23/2022,  10.00 ,10
H05798,2205-00015,271175539702,FEDEX,1,1,3000,1,FEDEX ,3/23/2022,  35.10 ,35.1
H05798,2205-00015,271175608990,FEDEX,1,1,1300,1,FEDEX ,3/23/2022,  15.21 ,15.21
H05798,2205-00015,271178469907,FEDEX,1,1,3300,1,FEDEX ,3/23/2022,  38.61 ,38.61
H05798,2205-00015,271178629964,FEDEX,1,1,1300,1,FEDEX ,3/23/2022,  15.21 ,15.21
H05798,2205-00015,271178706679,FEDEX,1,1,1100,1,FEDEX ,3/23/2022,  12.87 ,12.87
H05798,2205-00015,271178844661,FEDEX,1,1,11300,1,FEDEX ,3/23/2022,  132.21 ,132.21
H05798,2205-00015,271179098357,FEDEX,1,1,20800,1,FEDEX ,3/23/2022,  243.36 ,243.36
H05798,2205-00015,271179275330,FEDEX,1,1,500,1,FEDEX ,3/23/2022,  10.00 ,10
H05798,2205-00015,271179382128,FEDEX,1,1,1800,1,FEDEX ,3/23/2022,  21.06 ,21.06
H05798,2205-00015,271179488688,FEDEX,1,1,5100,1,FEDEX ,3/23/2022,  59.67 ,59.67
H05798,2205-00015,271179743350,FEDEX,1,1,1600,1,FEDEX ,3/23/2022,  18.72 ,18.72
H05798,2205-00015,271179845193,FEDEX,1,1,1300,1,FEDEX ,3/23/2022,  15.21 ,15.21
H05798,2205-00015,271179946700,FEDEX,1,1,2400,1,FEDEX ,3/23/2022,  28.08 ,28.08
H05798,2205-00015,271180022070,FEDEX,1,1,4000,1,FEDEX ,3/23/2022,  46.80 ,46.8
H05798,2205-00015,271180256110,FEDEX,1,1,1500,1,FEDEX ,3/23/2022,  17.55 ,17.55
H05798,2205-00015,271183061937,FEDEX,1,1,16000,1,FEDEX ,3/23/2022,  187.20 ,187.2
H05798,2205-00015,271200337032,FEDEX,1,1,2800,1,FEDEX ,3/23/2022,  32.76 ,32.76
H05798,2205-00015,556059813353,FEDEX,1,1,38000,1,FEDEX ,3/23/2022,  444.60 ,444.6
H05798,2205-00015,776378527488,FEDEX,1,1,3500,1,FEDEX ,3/23/2022,  40.95 ,40.95
H05798,2205-00015,813750708083,FEDEX,1,1,5700,1,FEDEX ,3/23/2022,  66.69 ,66.69
H05798,2205-00015,1Z005E5E0424302209,UPS,1,1,2300,1,UPS ,3/24/2022,  26.91 ,26.91
H05798,2205-00015,1Z6725VWD349453267,UPS,1,1,550,1,UPS ,3/24/2022,  10.00 ,10
H05798,2205-00015,271221927264,FEDEX,1,1,30000,1,FEDEX ,3/24/2022,  351.00 ,351
H05798,2205-00015,271222088327,FEDEX,1,1,470,1,FEDEX ,3/24/2022,  10.00 ,10
H05798,2205-00015,271222152443,FEDEX,1,1,1400,1,FEDEX ,3/24/2022,  16.38 ,16.38
H05798,2205-00015,271222220760,FEDEX,1,1,920,1,FEDEX ,3/24/2022,  10.76 ,10.76
H05798,2205-00015,271222300886,FEDEX,1,1,1300,1,FEDEX ,3/24/2022,  15.21 ,15.21
H05798,2205-00015,271222355919,FEDEX,1,1,1300,1,FEDEX ,3/24/2022,  15.21 ,15.21
H05798,2205-00015,271222407986,FEDEX,1,1,3700,1,FEDEX ,3/24/2022,  43.29 ,43.29
H05798,2205-00015,556059812677,FEDEX,1,1,44200,1,FEDEX ,3/24/2022,  517.14 ,517.14
H05798,2205-00015,776384721929,FEDEX,1,1,4200,1,FEDEX ,3/24/2022,  49.14 ,49.14
H05798,2205-00015,776385052524,FEDEX,1,1,4600,1,FEDEX ,3/24/2022,  53.82 ,53.82
H05798,2205-00015,271228354781,FEDEX,1,1,2100,1,FEDEX ,3/25/2022,  24.57 ,24.57
H05798,2205-00015,271228647192,FEDEX,1,1,5400,1,FEDEX ,3/25/2022,  63.18 ,63.18
H05798,2205-00015,271228925737,FEDEX,1,1,6300,1,FEDEX ,3/25/2022,  73.71 ,73.71
H05798,2205-00015,271263166623,FEDEX,1,1,2300,1,FEDEX ,3/25/2022,  26.91 ,26.91
H05798,2205-00015,271265460762,FEDEX,1,1,1500,1,FEDEX ,3/25/2022,  17.55 ,17.55
H05798,2205-00015,271266279420,FEDEX,1,1,5700,1,FEDEX ,3/25/2022,  66.69 ,66.69
H05798,2205-00015,271266406280,FEDEX,1,1,6900,1,FEDEX ,3/25/2022,  80.73 ,80.73
H05798,2205-00015,271270721980,FEDEX,1,1,4200,1,FEDEX ,3/25/2022,  49.14 ,49.14
H05798,2205-00015,271271269336,FEDEX,1,1,8800,1,FEDEX ,3/25/2022,  102.96 ,102.96
H05798,2205-00015,271271614926,FEDEX,1,1,4500,1,FEDEX ,3/25/2022,  52.65 ,52.65
H05798,2205-00015,271271646884,FEDEX,1,1,10700,1,FEDEX ,3/25/2022,  125.19 ,125.19
H05798,2205-00015,556059814636,FEDEX,1,1,5000,1,FEDEX ,3/25/2022,  58.50 ,58.5
H05798,2205-00015,1Z6725VWD351274410,UPS,1,1,1620,1,UPS ,3/27/2022,  18.95 ,18.95
H05798,2205-00015,1Z6725VWD349616626,UPS,1,1,125,1,UPS Worldwide Express,3/28/2022,  10.00 ,10
H05798,2205-00015,271335367683,FEDEX,1,1,1200,1,FEDEX ,3/28/2022,  14.04 ,14.04
H05798,2205-00015,271335434798,FEDEX,1,1,6900,1,FEDEX ,3/28/2022,  80.73 ,80.73
H05798,2205-00015,271335485468,FEDEX,1,1,15200,1,FEDEX ,3/28/2022,  177.84 ,177.84
H05798,2205-00015,271335558088,FEDEX,1,1,3700,1,FEDEX ,3/28/2022,  43.29 ,43.29
H05798,2205-00015,271335852927,FEDEX,1,1,21400,1,FEDEX ,3/28/2022,  250.38 ,250.38
H05798,2205-00015,271336039800,FEDEX,1,1,11500,1,FEDEX ,3/28/2022,  134.55 ,134.55
H05798,2205-00015,271337401160,FEDEX,1,1,1300,1,FEDEX ,3/28/2022,  15.21 ,15.21
H05798,2205-00015,271337497030,FEDEX,1,1,3600,1,FEDEX ,3/28/2022,  42.12 ,42.12
H05798,2205-00015,271338373975,FEDEX,1,1,7300,1,FEDEX ,3/28/2022,  85.41 ,85.41
H05798,2205-00015,271338491635,FEDEX,1,1,4700,1,FEDEX ,3/28/2022,  54.99 ,54.99
H05798,2205-00015,271338598735,FEDEX,1,1,3500,1,FEDEX ,3/28/2022,  40.95 ,40.95
H05798,2205-00015,271338700981,FEDEX,1,1,4100,1,FEDEX ,3/28/2022,  47.97 ,47.97
H05798,2205-00015,271338799954,FEDEX,1,1,1800,1,FEDEX ,3/28/2022,  21.06 ,21.06
H05798,2205-00015,271338932272,FEDEX,1,1,38800,1,FEDEX ,3/28/2022,  453.96 ,453.96
H05798,2205-00015,271339064096,FEDEX,1,1,8700,1,FEDEX ,3/28/2022,  101.79 ,101.79
H05798,2205-00015,271339179941,FEDEX,1,1,1400,1,FEDEX ,3/28/2022,  16.38 ,16.38
H05798,2205-00015,271339572570,FEDEX,1,1,400,1,FEDEX ,3/28/2022,  10.00 ,10
H05798,2205-00015,271339692346,FEDEX,1,1,300,1,FEDEX ,3/28/2022,  10.00 ,10
H05798,2205-00015,271339835253,FEDEX,1,1,5900,1,FEDEX ,3/28/2022,  69.03 ,69.03
H05798,2205-00015,271340166967,FEDEX,1,1,29900,1,FEDEX ,3/28/2022,  349.83 ,349.83
H05798,2205-00015,271340400744,FEDEX,1,1,1100,1,FEDEX ,3/28/2022,  12.87 ,12.87
H05798,2205-00015,271342401673,FEDEX,1,1,8800,1,FEDEX ,3/28/2022,  102.96 ,102.96
H05798,2205-00015,271342663931,FEDEX,1,1,300,1,FEDEX ,3/28/2022,  10.00 ,10
H05798,2205-00015,556059814761,FEDEX,1,1,5610,1,FEDEX ,3/28/2022,  65.64 ,65.64
H05798,2205-00015,271347857819,FEDEX,1,1,4900,1,FEDEX ,3/29/2022,  57.33 ,57.33
H05798,2205-00015,271391530681,FEDEX,1,1,11000,1,FEDEX ,3/29/2022,  128.70 ,128.7
H05798,2205-00015,271391675083,FEDEX,1,1,10900,1,FEDEX ,3/29/2022,  127.53 ,127.53
H05798,2205-00015,271391735483,FEDEX,1,1,2600,1,FEDEX ,3/29/2022,  30.42 ,30.42
H05798,2205-00015,271391807236,FEDEX,1,1,2300,1,FEDEX ,3/29/2022,  26.91 ,26.91
H05798,2205-00015,271391931998,FEDEX,1,1,3000,1,FEDEX ,3/29/2022,  35.10 ,35.1
H05798,2205-00015,271392045838,FEDEX,1,1,1000,1,FEDEX ,3/29/2022,  11.70 ,11.7
H05798,2205-00015,271398733670,FEDEX,1,1,3400,1,FEDEX ,3/29/2022,  39.78 ,39.78
H05798,2205-00015,271401593810,FEDEX,1,1,13900,1,FEDEX ,3/29/2022,  162.63 ,162.63
H05798,2205-00015,271422042331,FEDEX,1,1,4000,1,FEDEX ,3/29/2022,  46.80 ,46.8
H05798,2205-00015,271422825308,FEDEX,1,1,2100,1,FEDEX ,3/29/2022,  24.57 ,24.57
H05798,2205-00015,271423366355,FEDEX,1,1,1000,1,FEDEX ,3/29/2022,  11.70 ,11.7
H05798,2205-00015,776424193230,FEDEX,1,1,4200,1,FEDEX ,3/29/2022,  49.14 ,49.14
H05798,2205-00015,813750708131,FEDEX,1,1,7900,1,FEDEX ,3/29/2022,  92.43 ,92.43
H05798,2205-00015,271439624297,FEDEX,1,1,13000,1,FEDEX ,3/30/2022,  152.10 ,152.1
H05798,2205-00015,271439705765,FEDEX,1,1,1600,1,FEDEX ,3/30/2022,  18.72 ,18.72
H05798,2205-00015,271439768071,FEDEX,1,1,18000,1,FEDEX ,3/30/2022,  210.60 ,210.6
H05798,2205-00015,271439884438,FEDEX,1,1,3000,1,FEDEX ,3/30/2022,  35.10 ,35.1
H05798,2205-00015,271439971327,FEDEX,1,1,4000,1,FEDEX ,3/30/2022,  46.80 ,46.8
H05798,2205-00015,271440028289,FEDEX,1,1,5000,1,FEDEX ,3/30/2022,  58.50 ,58.5
H05798,2205-00015,271440400449,FEDEX,1,1,62400,1,FEDEX ,3/30/2022,  730.08 ,730.08
H05798,2205-00015,271441230247,FEDEX,1,1,3000,1,FEDEX ,3/30/2022,  35.10 ,35.1
H05798,2205-00015,271441314070,FEDEX,1,1,400,1,FEDEX ,3/30/2022,  10.00 ,10
H05798,2205-00015,271441356272,FEDEX,1,1,2300,1,FEDEX ,3/30/2022,  26.91 ,26.91
H05798,2205-00015,271441441103,FEDEX,1,1,4200,1,FEDEX ,3/30/2022,  49.14 ,49.14
H05798,2205-00015,271441536703,FEDEX,1,1,3500,1,FEDEX ,3/30/2022,  40.95 ,40.95
H05798,2205-00015,271441671969,FEDEX,1,1,800,1,FEDEX ,3/30/2022,  10.00 ,10
H05798,2205-00015,271441753930,FEDEX,1,1,2000,1,FEDEX ,3/30/2022,  23.40 ,23.4
H05798,2205-00015,271441822326,FEDEX,1,1,500,1,FEDEX ,3/30/2022,  10.00 ,10
H05798,2205-00015,271441920808,FEDEX,1,1,3200,1,FEDEX ,3/30/2022,  37.44 ,37.44
H05798,2205-00015,271442079992,FEDEX,1,1,7100,1,FEDEX ,3/30/2022,  83.07 ,83.07
H05798,2205-00015,271442153918,FEDEX,1,1,2400,1,FEDEX ,3/30/2022,  28.08 ,28.08
H05798,2205-00015,271442225965,FEDEX,1,1,800,1,FEDEX ,3/30/2022,  10.00 ,10
H05798,2205-00015,271442286100,FEDEX,1,1,900,1,FEDEX ,3/30/2022,  10.53 ,10.53
H05798,2205-00015,271442352940,FEDEX,1,1,1400,1,FEDEX ,3/30/2022,  16.38 ,16.38
H05798,2205-00015,271442413511,FEDEX,1,1,2600,1,FEDEX ,3/30/2022,  30.42 ,30.42
H05798,2205-00015,271442585465,FEDEX,1,1,1300,1,FEDEX ,3/30/2022,  15.21 ,15.21
H05798,2205-00015,271442651209,FEDEX,1,1,5000,1,FEDEX ,3/30/2022,  58.50 ,58.5
H05798,2205-00015,1Z6725VWD349411463,UPS,1,1,2100,1,UPS Worldwide Express,3/31/2022,  24.57 ,24.57
H05798,2205-00015,271463482830,FEDEX,1,1,300,1,FEDEX ,3/31/2022,  10.00 ,10
H05798,2205-00015,271463846924,FEDEX,1,1,4200,1,FEDEX ,3/31/2022,  49.14 ,49.14
H05798,2205-00015,271469414525,FEDEX,1,1,2600,1,FEDEX ,3/31/2022,  30.42 ,30.42
H05798,2205-00015,271470362973,FEDEX,1,1,3500,1,FEDEX ,3/31/2022,  40.95 ,40.95
H05798,2205-00015,271484509253,FEDEX,1,1,5000,1,FEDEX ,3/31/2022,  58.50 ,58.5
H05798,2205-00015,271484611289,FEDEX,1,1,400,1,FEDEX ,3/31/2022,  10.00 ,10
H05798,2205-00015,271484767446,FEDEX,1,1,3800,1,FEDEX ,3/31/2022,  44.46 ,44.46
H05798,2205-00015,556059815610,FEDEX,1,1,3400,1,FEDEX ,3/31/2022,  39.78 ,39.78
H05798,2205-00015,776439210711,FEDEX,1,1,700,1,FEDEX ,3/31/2022,  10.00 ,10
H05798,2205-00015,776451481993,FEDEX,1,1,2600,1,FEDEX ,3/31/2022,  30.42 ,30.42
H05798,2205-00015,776451565990,FEDEX,1,1,400,1,FEDEX ,3/31/2022,  10.00 ,10
H05798,2205-00015,776451618026,FEDEX,1,1,3300,1,FEDEX ,3/31/2022,  38.61 ,38.61
H05798,2205-00015,271508143888,FEDEX,1,1,900,1,FEDEX ,4/1/2022,  10.53 ,10.53
H05798,2205-00015,271509297821,FEDEX,1,1,2200,1,FEDEX ,4/1/2022,  25.74 ,25.74
H05798,2205-00015,271529508771,FEDEX,1,1,5800,1,FEDEX ,4/1/2022,  67.86 ,67.86
H05798,2205-00015,271529646834,FEDEX,1,1,5100,1,FEDEX ,4/1/2022,  59.67 ,59.67
H05798,2205-00015,271529717841,FEDEX,1,1,510,1,FEDEX ,4/1/2022,  10.00 ,10
H05798,2205-00015,271529769882,FEDEX,1,1,300,1,FEDEX ,4/1/2022,  10.00 ,10
H05798,2205-00015,271529819376,FEDEX,1,1,2500,1,FEDEX ,4/1/2022,  29.25 ,29.25
H05798,2205-00015,271529882908,FEDEX,1,1,7400,1,FEDEX ,4/1/2022,  86.58 ,86.58
H05798,2205-00015,271534666412,FEDEX,1,1,7400,1,FEDEX ,4/1/2022,  86.58 ,86.58
H05798,2205-00015,271551842300,FEDEX,1,1,600,1,FEDEX ,4/1/2022,  10.00 ,10
H05798,2205-00015,271553029781,FEDEX,1,1,1300,1,FEDEX ,4/1/2022,  15.21 ,15.21
H05798,2205-00015,271554282924,FEDEX,1,1,12900,1,FEDEX ,4/1/2022,  150.93 ,150.93
H05798,2205-00015,271557324831,FEDEX,1,1,800,1,FEDEX ,4/1/2022,  10.00 ,10
H05798,2205-00015,556059817668,FEDEX,1,1,31700,1,FEDEX ,4/2/2022,  370.89 ,370.89
H05798,2205-00015,556059817680,FEDEX,1,1,5800,1,FEDEX ,4/2/2022,  67.86 ,67.86
H05798,2205-00015,271598496009,FEDEX,1,1,39000,1,FEDEX ,4/4/2022,  456.30 ,456.3
H05798,2205-00015,271598508359,FEDEX,1,1,2100,1,FEDEX ,4/4/2022,  24.57 ,24.57
H05798,2205-00015,271598578675,FEDEX,1,1,8900,1,FEDEX ,4/4/2022,  104.13 ,104.13
H05798,2205-00015,271598747432,FEDEX,1,1,1300,1,FEDEX ,4/4/2022,  15.21 ,15.21
H05798,2205-00015,271599014026,FEDEX,1,1,3600,1,FEDEX ,4/4/2022,  42.12 ,42.12
H05798,2205-00015,271599038549,FEDEX,1,1,1100,1,FEDEX ,4/4/2022,  12.87 ,12.87
H05798,2205-00015,271599357623,FEDEX,1,1,300,1,FEDEX ,4/4/2022,  10.00 ,10
H05798,2205-00015,271599453149,FEDEX,1,1,1100,1,FEDEX ,4/4/2022,  12.87 ,12.87
H05798,2205-00015,271599842613,FEDEX,1,1,2400,1,FEDEX ,4/4/2022,  28.08 ,28.08
H05798,2205-00015,271600088069,FEDEX,1,1,700,1,FEDEX ,4/4/2022,  10.00 ,10
H05798,2205-00015,271600617441,FEDEX,1,1,700,1,FEDEX ,4/4/2022,  10.00 ,10
H05798,2205-00015,271606687549,FEDEX,1,1,4200,1,FEDEX ,4/4/2022,  49.14 ,49.14
H05798,2205-00015,776464336108,FEDEX,1,1,2400,1,FEDEX ,4/4/2022,  28.08 ,28.08
H05798,2205-00015,776464454599,FEDEX,1,1,3100,1,FEDEX ,4/4/2022,  36.27 ,36.27
H05798,2205-00015,1Z005E5E0437624810,UPS,1,1,1500,1,UPS ,4/5/2022,  17.55 ,17.55
H05798,2205-00015,271610977160,FEDEX,1,1,2000,1,FEDEX ,4/5/2022,  23.40 ,23.4
H05798,2205-00015,271619974400,FEDEX,1,1,700,1,FEDEX ,4/5/2022,  10.00 ,10
H05798,2205-00015,271620280010,FEDEX,1,1,100,1,FEDEX ,4/5/2022,  10.00 ,10
H05798,2205-00015,271632586640,FEDEX,1,1,1100,1,FEDEX ,4/5/2022,  12.87 ,12.87
H05798,2205-00015,271657871502,FEDEX,1,1,3400,1,FEDEX ,4/5/2022,  39.78 ,39.78
H05798,2205-00015,271661103248,FEDEX,1,1,7500,1,FEDEX ,4/5/2022,  87.75 ,87.75
H05798,2205-00015,271661181312,FEDEX,1,1,6200,1,FEDEX ,4/5/2022,  72.54 ,72.54
H05798,2205-00015,271672706240,FEDEX,1,1,1200,1,FEDEX ,4/5/2022,  14.04 ,14.04
H05798,2205-00015,271688695948,FEDEX,1,1,2400,1,FEDEX ,4/5/2022,  28.08 ,28.08
H05798,2205-00015,776481483738,FEDEX,1,1,1500,1,FEDEX ,4/5/2022,  17.55 ,17.55
H05798,2205-00015,776489531540,FEDEX,1,1,3600,1,FEDEX ,4/5/2022,  42.12 ,42.12
H05798,2205-00015,776489680323,FEDEX,1,1,3600,1,FEDEX ,4/5/2022,  42.12 ,42.12
H05798,2205-00015,776489811226,FEDEX,1,1,1100,1,FEDEX ,4/5/2022,  12.87 ,12.87
H05798,2205-00015,1Z6725VWD951789952,UPS,1,1,3800,1,UPS ,4/6/2022,  44.46 ,44.46
H05798,2205-00015,271702273766,FEDEX,1,1,1500,1,FEDEX ,4/6/2022,  17.55 ,17.55
H05798,2205-00015,271702326616,FEDEX,1,1,2000,1,FEDEX ,4/6/2022,  23.40 ,23.4
H05798,2205-00015,271702446448,FEDEX,1,1,4000,1,FEDEX ,4/6/2022,  46.80 ,46.8
H05798,2205-00015,271702500438,FEDEX,1,1,900,1,FEDEX ,4/6/2022,  10.53 ,10.53
H05798,2205-00015,271702538718,FEDEX,1,1,2500,1,FEDEX ,4/6/2022,  29.25 ,29.25
H05798,2205-00015,271702589763,FEDEX,1,1,3700,1,FEDEX ,4/6/2022,  43.29 ,43.29
H05798,2205-00015,271702637471,FEDEX,1,1,6900,1,FEDEX ,4/6/2022,  80.73 ,80.73
H05798,2205-00015,271702708504,FEDEX,1,1,2000,1,FEDEX ,4/6/2022,  23.40 ,23.4
H05798,2205-00015,271703210919,FEDEX,1,1,8100,1,FEDEX ,4/6/2022,  94.77 ,94.77
H05798,2205-00015,271703392315,FEDEX,1,1,2600,1,FEDEX ,4/6/2022,  30.42 ,30.42
H05798,2205-00015,271703450241,FEDEX,1,1,6300,1,FEDEX ,4/6/2022,  73.71 ,73.71
H05798,2205-00015,271703655330,FEDEX,1,1,300,1,FEDEX ,4/6/2022,  10.00 ,10
H05798,2205-00015,271703851179,FEDEX,1,1,400,1,FEDEX ,4/6/2022,  10.00 ,10
H05798,2205-00015,271710439683,FEDEX,1,1,2300,1,FEDEX ,4/6/2022,  26.91 ,26.91
H05798,2205-00015,556059818815,FEDEX,1,1,28000,1,FEDEX ,4/6/2022,  327.60 ,327.6
H05798,2205-00015,271747928069,FEDEX,1,1,4900,1,FEDEX ,4/7/2022,  57.33 ,57.33
H05798,2205-00015,271747973407,FEDEX,1,1,700,1,FEDEX ,4/7/2022,  10.00 ,10
H05798,2205-00015,271748034412,FEDEX,1,1,300,1,FEDEX ,4/7/2022,  10.00 ,10
H05798,2205-00015,271748119275,FEDEX,1,1,700,1,FEDEX ,4/7/2022,  10.00 ,10
H05798,2205-00015,271748201243,FEDEX,1,1,12300,1,FEDEX ,4/7/2022,  143.91 ,143.91
H05798,2205-00015,271748349310,FEDEX,1,1,8600,1,FEDEX ,4/7/2022,  100.62 ,100.62
H05798,2205-00015,271754213746,FEDEX,1,1,22300,1,FEDEX ,4/7/2022,  260.91 ,260.91
H05798,2205-00015,271757724220,FEDEX,1,1,10800,1,FEDEX ,4/7/2022,  126.36 ,126.36
H05798,2205-00015,271757817655,FEDEX,1,1,3700,1,FEDEX ,4/7/2022,  43.29 ,43.29
H05798,2205-00015,271764834650,FEDEX,1,1,1400,1,FEDEX ,4/7/2022,  16.38 ,16.38
H05798,2205-00015,271765964136,FEDEX,1,1,1300,1,FEDEX ,4/7/2022,  15.21 ,15.21
H05798,2205-00015,271778280497,FEDEX,1,1,6200,1,FEDEX ,4/7/2022,  72.54 ,72.54
H05798,2205-00015,776514718440,FEDEX,1,1,300,1,FEDEX ,4/7/2022,  10.00 ,10
H05798,2205-00015,1Z6725VWD951735901,UPS,1,1,970,1,UPS ,4/8/2022,  11.35 ,11.35
H05798,2205-00015,271732064107,FEDEX,1,1,4500,1,FEDEX ,4/8/2022,  52.65 ,52.65
H05798,2205-00015,271793858723,FEDEX,1,1,25000,1,FEDEX ,4/8/2022,  292.50 ,292.5
H05798,2205-00015,271793966849,FEDEX,1,1,16000,1,FEDEX ,4/8/2022,  187.20 ,187.2
H05798,2205-00015,271794030725,FEDEX,1,1,3400,1,FEDEX ,4/8/2022,  39.78 ,39.78
H05798,2205-00015,271794033091,FEDEX,1,1,200,1,FEDEX ,4/8/2022,  10.00 ,10
H05798,2205-00015,271794183673,FEDEX,1,1,2600,1,FEDEX ,4/8/2022,  30.42 ,30.42
H05798,2205-00015,271794435831,FEDEX,1,1,710,1,FEDEX ,4/8/2022,  10.00 ,10
H05798,2205-00015,271794976673,FEDEX,1,1,8800,1,FEDEX ,4/8/2022,  102.96 ,102.96
H05798,2205-00015,271795209673,FEDEX,1,1,34600,1,FEDEX ,4/8/2022,  404.82 ,404.82
H05798,2205-00015,271795340260,FEDEX,1,1,300,1,FEDEX ,4/8/2022,  10.00 ,10
H05798,2205-00015,271795397899,FEDEX,1,1,700,1,FEDEX ,4/8/2022,  10.00 ,10
H05798,2205-00015,271795512082,FEDEX,1,1,1300,1,FEDEX ,4/8/2022,  15.21 ,15.21
H05798,2205-00015,271795555590,FEDEX,1,1,11500,1,FEDEX ,4/8/2022,  134.55 ,134.55
H05798,2205-00015,271795631621,FEDEX,1,1,4200,1,FEDEX ,4/8/2022,  49.14 ,49.14
H05798,2205-00015,271795705796,FEDEX,1,1,1100,1,FEDEX ,4/8/2022,  12.87 ,12.87
H05798,2205-00015,271795747119,FEDEX,1,1,400,1,FEDEX ,4/8/2022,  10.00 ,10
H05798,2205-00015,271795801576,FEDEX,1,1,1000,1,FEDEX ,4/8/2022,  11.70 ,11.7
H05798,2205-00015,271795979532,FEDEX,1,1,2400,1,FEDEX ,4/8/2022,  28.08 ,28.08
H05798,2205-00015,271796107001,FEDEX,1,1,6600,1,FEDEX ,4/8/2022,  77.22 ,77.22
H05798,2205-00015,271796331479,FEDEX,1,1,3500,1,FEDEX ,4/8/2022,  40.95 ,40.95
H05798,2205-00015,271799653850,FEDEX,1,1,300,1,FEDEX ,4/8/2022,  10.00 ,10
H05798,2205-00015,271819462832,FEDEX,1,1,300,1,FEDEX ,4/8/2022,  10.00 ,10
H05798,2205-00015,271821480496,FEDEX,1,1,900,1,FEDEX ,4/8/2022,  10.53 ,10.53
H05798,2205-00015,776527316137,FEDEX,1,1,1500,1,FEDEX ,4/8/2022,  17.55 ,17.55
H05798,2205-00015,813750708094,FEDEX,1,1,1500,1,FEDEX ,4/8/2022,  17.55 ,17.55
H05798,2205-00015,556059819811,FEDEX,1,1,23500,1,FEDEX ,4/9/2022,  274.95 ,274.95
H05798,2205-00015,1Z6725VWD351142106,UPS,1,1,2500,1,UPS Worldwide Express,4/11/2022,  29.25 ,29.25
H05798,2205-00015,271861670093,FEDEX,1,1,22000,1,FEDEX ,4/11/2022,  257.40 ,257.4
H05798,2205-00015,271861724465,FEDEX,1,1,2800,1,FEDEX ,4/11/2022,  32.76 ,32.76
H05798,2205-00015,271862127800,FEDEX,1,1,9000,1,FEDEX ,4/11/2022,  105.30 ,105.3
H05798,2205-00015,271862324048,FEDEX,1,1,33100,1,FEDEX ,4/11/2022,  387.27 ,387.27
H05798,2205-00015,271862502391,FEDEX,1,1,48000,1,FEDEX ,4/11/2022,  561.60 ,561.6
H05798,2205-00015,271862690551,FEDEX,1,1,63000,1,FEDEX ,4/11/2022,  737.10 ,737.1
H05798,2205-00015,271863270496,FEDEX,1,1,1700,1,FEDEX ,4/11/2022,  19.89 ,19.89
H05798,2205-00015,271863365283,FEDEX,1,1,5100,1,FEDEX ,4/11/2022,  59.67 ,59.67
H05798,2205-00015,271863453330,FEDEX,1,1,1600,1,FEDEX ,4/11/2022,  18.72 ,18.72
H05798,2205-00015,271863522676,FEDEX,1,1,10900,1,FEDEX ,4/11/2022,  127.53 ,127.53
H05798,2205-00015,271863664366,FEDEX,1,1,800,1,FEDEX ,4/11/2022,  10.00 ,10
H05798,2205-00015,271863714857,FEDEX,1,1,500,1,FEDEX ,4/11/2022,  10.00 ,10
H05798,2205-00015,271863786250,FEDEX,1,1,6600,1,FEDEX ,4/11/2022,  77.22 ,77.22
H05798,2205-00015,271863883551,FEDEX,1,1,500,1,FEDEX ,4/11/2022,  10.00 ,10
H05798,2205-00015,271863933891,FEDEX,1,1,1500,1,FEDEX ,4/11/2022,  17.55 ,17.55
H05798,2205-00015,271863983911,FEDEX,1,1,1500,1,FEDEX ,4/11/2022,  17.55 ,17.55
H05798,2205-00015,271864044570,FEDEX,1,1,300,1,FEDEX ,4/11/2022,  10.00 ,10
H05798,2205-00015,271870106637,FEDEX,1,1,42000,1,FEDEX ,4/11/2022,  491.40 ,491.4
H05798,2205-00015,271870637927,FEDEX,1,1,700,1,FEDEX ,4/11/2022,  10.00 ,10
H05798,2205-00015,556059820230,FEDEX,1,1,14500,1,FEDEX ,4/11/2022,  169.65 ,169.65
H05798,2205-00015,556059820403,FEDEX,1,1,32900,1,FEDEX ,4/11/2022,  384.93 ,384.93
H05798,2205-00015,813750708120,FEDEX,1,1,1300,1,FEDEX ,4/11/2022,  15.21 ,15.21
H05798,2205-00015,1Z005E5E0434862425,UPS,1,1,1000,1,UPS ,4/12/2022,  11.70 ,11.7
H05798,2205-00015,271918135790,FEDEX,1,1,8900,1,FEDEX ,4/12/2022,  104.13 ,104.13
H05798,2205-00015,271918220907,FEDEX,1,1,1000,1,FEDEX ,4/12/2022,  11.70 ,11.7
H05798,2205-00015,271918285400,FEDEX,1,1,12000,1,FEDEX ,4/12/2022,  140.40 ,140.4
H05798,2205-00015,271918426326,FEDEX,1,1,25000,1,FEDEX ,4/12/2022,  292.50 ,292.5
H05798,2205-00015,271921649969,FEDEX,1,1,19000,1,FEDEX ,4/12/2022,  222.30 ,222.3
H05798,2205-00015,271921982911,FEDEX,1,1,1700,1,FEDEX ,4/12/2022,  19.89 ,19.89
H05798,2205-00015,271922070894,FEDEX,1,1,800,1,FEDEX ,4/12/2022,  10.00 ,10
H05798,2205-00015,271922380437,FEDEX,1,1,300,1,FEDEX ,4/12/2022,  10.00 ,10
H05798,2205-00015,271922452040,FEDEX,1,1,800,1,FEDEX ,4/12/2022,  10.00 ,10
H05798,2205-00015,271922591852,FEDEX,1,1,300,1,FEDEX ,4/12/2022,  10.00 ,10
H05798,2205-00015,271922670537,FEDEX,1,1,1500,1,FEDEX ,4/12/2022,  17.55 ,17.55
H05798,2205-00015,271922871333,FEDEX,1,1,2200,1,FEDEX ,4/12/2022,  25.74 ,25.74
H05798,2205-00015,271923031518,FEDEX,1,1,600,1,FEDEX ,4/12/2022,  10.00 ,10
H05798,2205-00015,271923163090,FEDEX,1,1,4800,1,FEDEX ,4/12/2022,  56.16 ,56.16
H05798,2205-00015,271924601334,FEDEX,1,1,1400,1,FEDEX ,4/12/2022,  16.38 ,16.38
H05798,2205-00015,271924606005,FEDEX,1,1,5400,1,FEDEX ,4/12/2022,  63.18 ,63.18
H05798,2205-00015,271928332010,FEDEX,1,1,10300,1,FEDEX ,4/12/2022,  120.51 ,120.51
H05798,2205-00015,271928501256,FEDEX,1,1,1300,1,FEDEX ,4/12/2022,  15.21 ,15.21
H05798,2205-00015,271928599093,FEDEX,1,1,17100,1,FEDEX ,4/12/2022,  200.07 ,200.07
H05798,2205-00015,271928708705,FEDEX,1,1,2900,1,FEDEX ,4/12/2022,  33.93 ,33.93
H05798,2205-00015,271928780171,FEDEX,1,1,300,1,FEDEX ,4/12/2022,  10.00 ,10
H05798,2205-00015,776558081669,FEDEX,1,1,6800,1,FEDEX ,4/12/2022,  79.56 ,79.56
H05798,2205-00015,1Z6725VWD350569916,UPS,1,1,440,1,UPS ,4/13/2022,  10.00 ,10
H05798,2205-00015,271965765154,FEDEX,1,1,8000,1,FEDEX ,4/13/2022,  93.60 ,93.6
H05798,2205-00015,271965905202,FEDEX,1,1,26000,1,FEDEX ,4/13/2022,  304.20 ,304.2
H05798,2205-00015,271966070573,FEDEX,1,1,22000,1,FEDEX ,4/13/2022,  257.40 ,257.4
H05798,2205-00015,271966070893,FEDEX,1,1,14000,1,FEDEX ,4/13/2022,  163.80 ,163.8
H05798,2205-00015,271966292540,FEDEX,1,1,700,1,FEDEX ,4/13/2022,  10.00 ,10
H05798,2205-00015,271969429223,FEDEX,1,1,6000,1,FEDEX ,4/13/2022,  70.20 ,70.2
H05798,2205-00015,776568004320,FEDEX,1,1,500,1,FEDEX ,4/13/2022,  10.00 ,10
H05798,2205-00015,776568119553,FEDEX,1,1,1500,1,FEDEX ,4/13/2022,  17.55 ,17.55
H05798,2205-00015,812709499822,FEDEX,1,1,900,1,FEDEX ,4/13/2022,  10.53 ,10.53
H05798,2205-00015,272010595205,FEDEX,1,1,22000,1,FEDEX ,4/14/2022,  257.40 ,257.4
H05798,2205-00015,272010686270,FEDEX,1,1,300,1,FEDEX ,4/14/2022,  10.00 ,10
H05798,2205-00015,272010794204,FEDEX,1,1,19000,1,FEDEX ,4/14/2022,  222.30 ,222.3
H05798,2205-00015,272011187810,FEDEX,1,1,26000,1,FEDEX ,4/14/2022,  304.20 ,304.2
H05798,2205-00015,272011306156,FEDEX,1,1,1400,1,FEDEX ,4/14/2022,  16.38 ,16.38
H05798,2205-00015,272011309340,FEDEX,1,1,1000,1,FEDEX ,4/14/2022,  11.70 ,11.7
H05798,2205-00015,272011349674,FEDEX,1,1,3200,1,FEDEX ,4/14/2022,  37.44 ,37.44
H05798,2205-00015,776580715408,FEDEX,1,1,13000,1,FEDEX ,4/14/2022,  152.10 ,152.1
H05798,2205-00015,272014109549,FEDEX,1,1,28300,1,FEDEX ,4/15/2022,  331.11 ,331.11
H05798,2205-00015,272019800380,FEDEX,1,1,800,1,FEDEX ,4/15/2022,  10.00 ,10
H05798,2205-00015,1Z6725VWD350922177,UPS,1,1,2850,1,UPS ,4/16/2022,  33.35 ,33.35
H05798,2205-00015,272076911078,FEDEX,1,1,2700,1,FEDEX ,4/16/2022,  31.59 ,31.59
H05798,2205-00015,556059821627,FEDEX,1,1,14700,1,FEDEX ,4/16/2022,  171.99 ,171.99
H05798,2205-00015,272163904241,FEDEX,1,1,18000,1,FEDEX ,4/19/2022,  210.60 ,210.6
H05798,2205-00015,272164048070,FEDEX,1,1,55000,1,FEDEX ,4/19/2022,  643.50 ,643.5
H05798,2205-00015,272164116743,FEDEX,1,1,50000,1,FEDEX ,4/19/2022,  585.00 ,585
H05798,2205-00015,272164220495,FEDEX,1,1,8200,1,FEDEX ,4/19/2022,  95.94 ,95.94
H05798,2205-00015,272164272805,FEDEX,1,1,2400,1,FEDEX ,4/19/2022,  28.08 ,28.08
H05798,2205-00015,272164885640,FEDEX,1,1,7200,1,FEDEX ,4/19/2022,  84.24 ,84.24
H05798,2205-00015,272164979978,FEDEX,1,1,400,1,FEDEX ,4/19/2022,  10.00 ,10
H05798,2205-00015,272192573523,FEDEX,1,1,3200,1,FEDEX ,4/19/2022,  37.44 ,37.44
H05798,2205-00015,813750708110,FEDEX,1,1,2700,1,FEDEX ,4/19/2022,  31.59 ,31.59
H05798,2205-00015,272211408433,FEDEX,1,1,33000,1,FEDEX ,4/20/2022,  386.10 ,386.1
H05798,2205-00015,272211554983,FEDEX,1,1,4000,1,FEDEX ,4/20/2022,  46.80 ,46.8
H05798,2205-00015,272212513979,FEDEX,1,1,15100,1,FEDEX ,4/20/2022,  176.67 ,176.67
H05798,2205-00015,272212601485,FEDEX,1,1,2300,1,FEDEX ,4/20/2022,  26.91 ,26.91
H05798,2205-00015,272212642393,FEDEX,1,1,5000,1,FEDEX ,4/20/2022,  58.50 ,58.5
H05798,2205-00015,272212748052,FEDEX,1,1,4100,1,FEDEX ,4/20/2022,  47.97 ,47.97
H05798,2205-00015,272212847287,FEDEX,1,1,20700,1,FEDEX ,4/20/2022,  242.19 ,242.19
H05798,2205-00015,272212939281,FEDEX,1,1,2900,1,FEDEX ,4/20/2022,  33.93 ,33.93
H05798,2205-00015,272212983093,FEDEX,1,1,800,1,FEDEX ,4/20/2022,  10.00 ,10
H05798,2205-00015,272213023090,FEDEX,1,1,1100,1,FEDEX ,4/20/2022,  12.87 ,12.87
H05798,2205-00015,272213315803,FEDEX,1,1,3000,1,FEDEX ,4/20/2022,  35.10 ,35.1
H05798,2205-00015,272213372410,FEDEX,1,1,2600,1,FEDEX ,4/20/2022,  30.42 ,30.42
H05798,2205-00015,272213419937,FEDEX,1,1,300,1,FEDEX ,4/20/2022,  10.00 ,10
H05798,2205-00015,272213455372,FEDEX,1,1,600,1,FEDEX ,4/20/2022,  10.00 ,10
H05798,2205-00015,272213483464,FEDEX,1,1,800,1,FEDEX ,4/20/2022,  10.00 ,10
H05798,2205-00015,272213730712,FEDEX,1,1,300,1,FEDEX ,4/20/2022,  10.00 ,10
H05798,2205-00015,272224728319,FEDEX,1,1,46300,1,FEDEX ,4/21/2022,  541.71 ,541.71
H05798,2205-00015,272258925232,FEDEX,1,1,6000,1,FEDEX ,4/21/2022,  70.20 ,70.2
H05798,2205-00015,272258946517,FEDEX,1,1,2700,1,FEDEX ,4/21/2022,  31.59 ,31.59
H05798,2205-00015,272263140711,FEDEX,1,1,20900,1,FEDEX ,4/21/2022,  244.53 ,244.53
H05798,2205-00015,272263386487,FEDEX,1,1,19700,1,FEDEX ,4/21/2022,  230.49 ,230.49
H05798,2205-00015,272267370483,FEDEX,1,1,1000,1,FEDEX ,4/21/2022,  11.70 ,11.7
H05798,2205-00015,1Z6725VWD349474502,UPS,1,1,3400,1,UPS ,4/22/2022,  39.78 ,39.78
H05798,2205-00015,272287956216,FEDEX,1,1,1100,1,FEDEX ,4/22/2022,  12.87 ,12.87
H05798,2205-00015,272290373344,FEDEX,1,1,5700,1,FEDEX ,4/22/2022,  66.69 ,66.69
H05798,2205-00015,776653917931,FEDEX,1,1,8000,1,FEDEX ,4/22/2022,  93.60 ,93.6
H05798,2205-00015,776654008663,FEDEX,1,1,4700,1,FEDEX ,4/22/2022,  54.99 ,54.99
H05798,2205-00015,776654305478,FEDEX,1,1,7500,1,FEDEX ,4/22/2022,  87.75 ,87.75
H05798,2205-00015,776654542331,FEDEX,1,1,3500,1,FEDEX ,4/22/2022,  40.95 ,40.95
H05798,2205-00015,776657593982,FEDEX,1,1,2100,1,FEDEX ,4/22/2022,  24.57 ,24.57
H05798,2205-00015,776658232555,FEDEX,1,1,33200,1,FEDEX ,4/22/2022,  388.44 ,388.44
H05798,2205-00015,776658492659,FEDEX,1,1,7500,1,FEDEX ,4/22/2022,  87.75 ,87.75
H05798,2205-00015,776658722102,FEDEX,1,1,18400,1,FEDEX ,4/22/2022,  215.28 ,215.28
H05798,2205-00015,776658836568,FEDEX,1,1,2300,1,FEDEX ,4/22/2022,  26.91 ,26.91
H05798,2205-00015,776659382581,FEDEX,1,1,9500,1,FEDEX ,4/22/2022,  111.15 ,111.15
H05798,2205-00015,776659499903,FEDEX,1,1,14600,1,FEDEX ,4/22/2022,  170.82 ,170.82
H05798,2205-00015,776659637521,FEDEX,1,1,700,1,FEDEX ,4/22/2022,  10.00 ,10
H05798,2205-00015,776659807660,FEDEX,1,1,3200,1,FEDEX ,4/22/2022,  37.44 ,37.44
H05798,2205-00015,776659983908,FEDEX,1,1,2300,1,FEDEX ,4/22/2022,  26.91 ,26.91
H05798,2205-00015,776660111094,FEDEX,1,1,400,1,FEDEX ,4/22/2022,  10.00 ,10
H05798,2205-00015,776660279678,FEDEX,1,1,1600,1,FEDEX ,4/22/2022,  18.72 ,18.72
H05798,2205-00015,776660389785,FEDEX,1,1,2200,1,FEDEX ,4/22/2022,  25.74 ,25.74
H05798,2205-00015,776660489593,FEDEX,1,1,1900,1,FEDEX ,4/22/2022,  22.23 ,22.23
H05798,2205-00015,776660589714,FEDEX,1,1,1500,1,FEDEX ,4/22/2022,  17.55 ,17.55
H05798,2205-00015,776660702020,FEDEX,1,1,7200,1,FEDEX ,4/22/2022,  84.24 ,84.24
H05798,2205-00015,776660988936,FEDEX,1,1,500,1,FEDEX ,4/22/2022,  10.00 ,10
H05798,2205-00015,272362902535,FEDEX,1,1,25000,1,FEDEX ,4/25/2022,  292.50 ,292.5
H05798,2205-00015,272363016511,FEDEX,1,1,25000,1,FEDEX ,4/25/2022,  292.50 ,292.5
H05798,2205-00015,272363075999,FEDEX,1,1,13000,1,FEDEX ,4/25/2022,  152.10 ,152.1
H05798,2205-00015,272363197676,FEDEX,1,1,500,1,FEDEX ,4/25/2022,  10.00 ,10
H05798,2205-00015,272364003389,FEDEX,1,1,8000,1,FEDEX ,4/25/2022,  93.60 ,93.6
H05798,2205-00015,272364012784,FEDEX,1,1,4800,1,FEDEX ,4/25/2022,  56.16 ,56.16
H05798,2205-00015,272364110144,FEDEX,1,1,3600,1,FEDEX ,4/25/2022,  42.12 ,42.12
H05798,2205-00015,272364130617,FEDEX,1,1,10000,1,FEDEX ,4/25/2022,  117.00 ,117
H05798,2205-00015,272364584526,FEDEX,1,1,4100,1,FEDEX ,4/25/2022,  47.97 ,47.97
H05798,2205-00015,272365037203,FEDEX,1,1,1000,1,FEDEX ,4/25/2022,  11.70 ,11.7
H05798,2205-00015,556059823207,FEDEX,1,1,36500,1,FEDEX ,4/25/2022,  427.05 ,427.05
H05798,2205-00015,776656216692,FEDEX,1,1,2700,1,FEDEX ,4/25/2022,  31.59 ,31.59
H05798,2205-00015,776656367078,FEDEX,1,1,2700,1,FEDEX ,4/25/2022,  31.59 ,31.59
H05798,2205-00015,1Z005E5E0428515035,UPS,1,1,1100,1,UPS ,4/26/2022,  12.87 ,12.87
H05798,2205-00015,272420003783,FEDEX,1,1,13000,1,FEDEX ,4/26/2022,  152.10 ,152.1
H05798,2205-00015,272420030434,FEDEX,1,1,16000,1,FEDEX ,4/26/2022,  187.20 ,187.2
H05798,2205-00015,272420174470,FEDEX,1,1,500,1,FEDEX ,4/26/2022,  10.00 ,10
H05798,2205-00015,272420277129,FEDEX,1,1,2400,1,FEDEX ,4/26/2022,  28.08 ,28.08
H05798,2205-00015,272430879530,FEDEX,1,1,32600,1,FEDEX ,4/26/2022,  381.42 ,381.42
H05798,2205-00015,812709499811,FEDEX,1,1,3200,1,FEDEX ,4/26/2022,  37.44 ,37.44
H05798,2205-00015,272469197130,FEDEX,1,1,20000,1,FEDEX ,4/27/2022,  234.00 ,234
H05798,2205-00015,272469311806,FEDEX,1,1,17000,1,FEDEX ,4/27/2022,  198.90 ,198.9
H05798,2205-00015,272469422302,FEDEX,1,1,600,1,FEDEX ,4/27/2022,  10.00 ,10
H05798,2205-00015,272469479687,FEDEX,1,1,1200,1,FEDEX ,4/27/2022,  14.04 ,14.04
H05798,2205-00015,272478311190,FEDEX,1,1,8700,1,FEDEX ,4/27/2022,  101.79 ,101.79
H05798,2205-00015,272516768390,FEDEX,1,1,6700,1,FEDEX ,4/28/2022,  78.39 ,78.39
H05798,2205-00015,272516905438,FEDEX,1,1,16000,1,FEDEX ,4/28/2022,  187.20 ,187.2
H05798,2205-00015,272517225460,FEDEX,1,1,17200,1,FEDEX ,4/28/2022,  201.24 ,201.24
H05798,2205-00015,272517316549,FEDEX,1,1,16700,1,FEDEX ,4/28/2022,  195.39 ,195.39
H05798,2205-00015,272519014003,FEDEX,1,1,4900,1,FEDEX ,4/28/2022,  57.33 ,57.33
H05798,2205-00015,272519231722,FEDEX,1,1,2400,1,FEDEX ,4/28/2022,  28.08 ,28.08
H05798,2205-00015,272519331070,FEDEX,1,1,1300,1,FEDEX ,4/28/2022,  15.21 ,15.21
H05798,2205-00015,272519402169,FEDEX,1,1,1300,1,FEDEX ,4/28/2022,  15.21 ,15.21
H05798,2205-00015,272519497294,FEDEX,1,1,4300,1,FEDEX ,4/28/2022,  50.31 ,50.31
H05798,2205-00015,272521314950,FEDEX,1,1,500,1,FEDEX ,4/28/2022,  10.00 ,10
H05798,2205-00015,556059824008,FEDEX,1,1,32200,1,FEDEX ,4/28/2022,  376.74 ,376.74
H05798,2205-00015,776700514025,FEDEX,1,1,500,1,FEDEX ,4/28/2022,  10.00 ,10
H05798,2205-00015,776700579423,FEDEX,1,1,500,1,FEDEX ,4/28/2022,  10.00 ,10
H05798,2205-00015,776713662843,FEDEX,1,1,19800,1,FEDEX ,4/28/2022,  231.66 ,231.66
H05798,2205-00015,1Z6725VWD951297420,UPS,1,1,1360,1,UPS ,4/29/2022,  15.91 ,15.91
H05798,2205-00015,272562865988,FEDEX,1,1,4700,1,FEDEX ,4/29/2022,  54.99 ,54.99
H05798,2205-00015,272563394450,FEDEX,1,1,19000,1,FEDEX ,4/29/2022,  222.30 ,222.3
H05798,2205-00015,272563445992,FEDEX,1,1,2800,1,FEDEX ,4/29/2022,  32.76 ,32.76
H05798,2205-00015,272563710768,FEDEX,1,1,5500,1,FEDEX ,4/29/2022,  64.35 ,64.35
H05798,2205-00015,272565125469,FEDEX,1,1,4200,1,FEDEX ,4/29/2022,  49.14 ,49.14
H05798,2205-00015,272565386890,FEDEX,1,1,27000,1,FEDEX ,4/29/2022,  315.90 ,315.9
H05798,2205-00015,272565514495,FEDEX,1,1,1900,1,FEDEX ,4/29/2022,  22.23 ,22.23
H05798,2205-00015,272565569458,FEDEX,1,1,27400,1,FEDEX ,4/29/2022,  320.58 ,320.58
H05798,2205-00015,272565651780,FEDEX,1,1,8700,1,FEDEX ,4/29/2022,  101.79 ,101.79
H05798,2205-00015,272565709171,FEDEX,1,1,1900,1,FEDEX ,4/29/2022,  22.23 ,22.23
H05798,2205-00015,272565752745,FEDEX,1,1,1600,1,FEDEX ,4/29/2022,  18.72 ,18.72
H05798,2205-00015,272566319649,FEDEX,1,1,4200,1,FEDEX ,4/29/2022,  49.14 ,49.14
H05798,2205-00015,272566609131,FEDEX,1,1,1600,1,FEDEX ,4/29/2022,  18.72 ,18.72
H05798,2205-00015,272566836050,FEDEX,1,1,8700,1,FEDEX ,4/29/2022,  101.79 ,101.79
H05798,2205-00015,272566940044,FEDEX,1,1,600,1,FEDEX ,4/29/2022,  10.00 ,10
H05798,2205-00015,272567005684,FEDEX,1,1,700,1,FEDEX ,4/29/2022,  10.00 ,10
H05798,2205-00015,272567052061,FEDEX,1,1,500,1,FEDEX ,4/29/2022,  10.00 ,10
H05798,2205-00015,272567115791,FEDEX,1,1,100,1,FEDEX ,4/29/2022,  10.00 ,10
H05798,2205-00015,272568080712,FEDEX,1,1,5000,1,FEDEX ,4/29/2022,  58.50 ,58.5
H05798,2205-00015,272568170758,FEDEX,1,1,500,1,FEDEX ,4/29/2022,  10.00 ,10
H05798,2205-00015,776726239432,FEDEX,1,1,5000,1,FEDEX ,4/29/2022,  58.50 ,58.5